{"cameraMode":{"drawMode":0,"name":"Shaded","section":"Shading Mode"},"sceneLighting":true,"audioPlay":false,"sceneViewState":{"showFog":true,"showMaterialUpdate":true,"showSkybox":true,"showFlares":true,"showImageEffects":true,"showParticleSystems":true},"in2DMode":false,"pivot":{"x":-3.7200000286102297,"y":-0.10000000894069672,"z":8.75},"rotation":{"x":0.616316020488739,"y":0.13418786227703095,"z":-0.10756557434797287,"w":0.7685602903366089},"size":11.269238471984864,"orthographic":true}